Created_date,company,tittle,level,year_of_experience,Seniority,monthly_wage,bonus,total,work_hour,work_over_time
2025/2/24 上午 12:00:00,__數位,後端工程師,不清楚,3,0.25,4,1,55,,
2025/6/6 上午 9:24:43,進金生實業 / 國際,前端工程師,3職等,5,5,5,1.5,68,,
2025/6/5 下午 3:46:35,德魏資訊,Java後端,PG,1.5,1,4.8,1個月底薪,62,,
2025/5/31 上午 2:14:58,精誠資訊,程式設計師,Band5,1,1,4,1.6,60,,
2025/5/22 下午 4:22:33,橘子子公司,工程師,資深工程師,8,4,6,2,8X,,
2025/5/17 下午 10:01:28,奧義智慧,軟體工程師,Sr.,5,5,8,2,120,,
2025/5/15 下午 1:54:41,德義資訊,前端工程師,無,3,2,4.9,1,63,,
2026/5/31 上午 12:00:00,91APP,machine learning engineer,3,3,3,7,1,91,,
2025/5/14 下午 2:43:05,創星物聯,資料工程師,底層吧,1,1,4,2,62,,
2025/4/29 下午 12:53:29,txone network,資安研究員,junior,2,2,6.5,2,91,,
2025/4/29 下午 12:46:14,奧義智慧科技,資安研究員,senior,4,4,8,2,115,,
2025/4/28 下午 10:38:39,中華資安,SOC,"後面制度有改，不清楚",3,3,3.8,2,60,,
2025/4/28 下午 10:33:50,奧義智慧科技股份有限公司,資安研究員,不清楚,5,5,8.5,2,120,,
2025/4/28 下午 10:31:13,TxONE Networks,資安研究員,不清楚,2,2,6,2,85,,
2025/4/28 下午 10:26:41,TeamT5 杜浦數位安全,資安研究員,底層,0,1,6.2,"1 (hr 說會有，但從來沒",74,,
2025/4/25 下午 3:24:51,TeamT5 杜浦數位安全,資安研究員,不清楚,5,1,6.3,1,90,,
2025/4/25 下午 3:14:17,TxONE Networks  睿控網安,資安研究員,"不太清楚，應該就底層?",7,2,73,2,115,,
2025/4/18 下午 1:25:00,GOOGLE,SWE,L5,5,4,26,2,520,,
2025/4/13 下午 10:47:19,ASUS,軟體工程師,L5,4.5,3,66000,4,1100000,,
2025/4/12 下午 9:40:48,遊戲橘子,軟體工程師,工程師,6,1,6.8,2,95,,
2025/4/8 下午 10:32:50,IBM,Senior Business Consultant,Band 7,9,3,14,1,190,,
2025/4/5 下午 5:43:52,Ter,FAE,S2,1,1,7,14,130,,
2025/4/4 下午 11:15:54,Google,SWE,L4,6,0,18,1.8,360,,
2025/4/2 下午 7:11:25,IBM,Architect,Band B8,10,1,20.5,0,267,,
2025/4/1 下午 2:36:23,瑞恩登RSTN,軟體工程師,沒有分,2,2,5,1,65,,
2025/3/27 下午 12:15:17,奧創物聯,App 工程師,senior,5,1,65000,1,868400,,
2025/3/23 下午 7:31:55,群益證券,軟體工程師,一級職員,3-5,3-5,54000,17,100,,
2025/3/21 上午 9:02:27,悠遊卡,資深ios工程師,資深工程師,7,2,6,4,125,,
2025/3/19 下午 3:59:49,德安資訊,後端工程師,?,3,1,52000,0,70,,
2025/3/14 上午 7:22:11,宏益科技服務,軟體工程師,,2,2,1,6,1,75,
2025/3/12 上午 1:07:10,宇泰華/PalUp/playsee,RD,J,5+,不滿一年,9,2,130,,
2025/3/11 下午 6:46:54,天瀚國際,產品,資深,8,3,11,3,170,,
2025/3/11 下午 5:11:56,TXONE,軟體工程師,不知道,3,1,60000,2,90萬,,
2025/3/11 下午 1:57:46,使丹達資訊股份有限公司,專案人員(PM),一般員工,3,1,4.5,1,58.5,,
2025/3/11 下午 12:02:40,內湖金融,前端工程師,沒職級,2,3,5.1,1,750000,,
2025/3/11 下午 12:00:02,口袋證券,資深系統工程師,一般職員,2Y,0,58000,1,75.4,,
2025/3/11 上午 11:56:31,阿爾發金融科技,後端工程師,一般職員,2Y,0.8年,50000,1,650000,,
2025/3/7 下午 10:20:31,宇泰華科技,Backend,Senior,5,1,80000,0,120,,
2025/3/7 上午 8:26:00,勇士銀行,資料科學家,副理,6,1,10,6,180,,
2025/3/6 下午 4:33:50,愛酷智能,SRE,Engineer,6.5,0.5,8.5,0,120,,
2025/3/6 下午 4:06:19,"Palup,Playsee",SRE,x,3,1,8.5,"0加班費，0獎金",120,,
2025/2/26 下午 4:34:43,"Playsee,Palup",backend engineer,Senior,5,2,8.5,2,119,,
2025/2/26 下午 4:32:39,"宇泰華科技,Palup",Engineer,Senior,5,1,9,2,126,,
2025/2/25 下午 11:15:51,A,AI,一般,5,2,9,2,120,,
2025/2/21 上午 9:47:07,ibm,architect,,10,1,21,0,273,,
2025/2/19 下午 2:50:26,國泰,軟體工程師,初專,1年,2年,50000,4,80,,
2025/2/14 下午 11:11:05,華碩,軟體工程師,工程師,3,3,4.6,4.5,76,,
2025/2/14 下午 2:39:10,普鴻資訊,駐點工程師,PG,4,2,7,2,98,,
2025/1/30 下午 1:52:26,苓捷電,軟功,l1,5,5,5,55,55,,
2025/1/28 上午 9:22:45,緯創軟體,軟體工程師,4B,6,1,6.5,0,87,,
2025/1/24 上午 12:49:08,瑞基生醫,AI 工程師,資深,6,3,93000,2,1330000,,
2025/1/13 上午 10:32:05,叡揚,工程師,無,5,2,4.4,2,56,,
2025/1/6 下午 7:29:05,電商,軟體工程師,軟體工程師,1.2,1.2,97.5,3,150,,
2025/1/6 下午 2:43:06,資安新創,Data Science,保密,保密,2,90000,2,保密,,
2025/1/3 下午 11:52:02,Synology,RD,Junior,5,1,10,1.5,160,,
2024/12/21 下午 3:00:31,鼎新電腦,軟體開發工程師,中級工程師,2年,1年半,3.65,2,50
2024/12/10 下午 3:15:26,種花,RD,高級工程師,6,6,76000,8,156
2024/11/27 下午 4:33:22,遊戲橘子,工程師,工程師,6,1,6,2,95
2024/11/26 下午 2:37:43,資拓宏宇,軟體工程師,維運+開發,0,1.5,4.5,0.8,62
2024/11/25 下午 10:17:01,趨勢科技,Senior Software Engineer,,8,2,9,2,130
2024/11/21 上午 4:16:12,麥點數位科技公司,前端工程師,Junior,1.2,1.2,4.2,2,58
2024/11/18 下午 3:26:04,台灣大哥大,高級工程師,高級工程師,5.5,2,5.5,18,100
2024/11/18 下午 1:13:41,Innova,Tech Lead,Tech Lead,10,5,10,2,150
2024/11/15 下午 10:36:49,國泰世華銀行,工程師,中級專員,1.8,1.8,4.9,6,95
2024/11/13 下午 11:56:07,麗得,軟體工程師,Junior,1,1,5,2,60
2024/11/12 下午 3:59:11,樂X不娛樂,SRE,沒分,5,1.5,10,2,142
2024/11/12 上午 11:38:5,ogloba,後端軟體工程師,junior,不到一年,不到一年,4,2,56
2024/11/7 下午 3:07:41,QNAP,軟體工程師,工程師,一年,一年,6,5,102
2024/11/7 上午 9:53:18,Wiwynn,RD,,9,4,63000,4,115
2024/11/4 上午 10:24:51,某國內傳產,軟體工程師,保密一下,3,4,6,5,100
2024/11/2 下午 12:28:51,友達數位,工程師,無,3,3,60000,0,87000
2024/10/28 下午 1:18:23,睿揚資訊,程式設計師,最低,1.5,1,38000,無,532000
2024/10/26 下午 1:42:20,光邊,工程師,工程師,1,1,4,2,60
2024/10/22 上午 10:53:5,透視數據,產品設計師,無,4年,3年,5,2,80
2024/10/19 下午 10:32:4,台中波菜（不公布名字）,前端工程師,Junior,兩年,10個月,5.5,1,71.5
2024/10/16 下午 5:46:02,電子,假的,假的,99,99,999,999,999
2024/10/16 下午 12:56:2,某國研院單位,專案經理工程師,計畫人員,1.5,1.5,4,1.5,55
2024/10/15 上午 8:16:07,鴻海電子,軟體工程師,一般職員,0,3,42000,2,588000
2024/10/13 下午 11:58:1,國泰世華銀行,資深工程師,工程師,10,5,7,4,120
2024/10/13 下午 3:11:34,測試,測試,測試,測試,測試,測試,測試,測試
2024/10/13 上午 8:37:52,微軟,Sr Software Engineer,IC4,8,7,40,1,550
2024/10/12 下午 7:42:33,管家x衛士,萬能工程師,工程師,2y2m,3y9m,34k,9m,51
2024/10/12 下午 4:39:34,中租,全端工程師,專,4,1,5,4,90
2024/10/12 下午 2:54:18,資安乙方,資深工程師,資深工程師,2,1,98000,14,140
2024/10/12 下午 2:30:56,G,SWE,,3,1,13,2,200
2024/10/12 上午 11:07:5,普匯金融科技,軟體工程師,高級,1,1,6,0,75
2024/10/12 上午 1:13:33,全盈支付,工程師,工程師,2,1.5,5,2,76
2024/10/12 上午 12:45:4,國泰世華,IT部門,中級專員,1.3,0.3,5,4,80
2024/10/11 下午 11:15:0,科萊博瑞,前端工程師,無,4,4,52000,14.5,76
2024/9/26 上午 10:38:23,SYSTEX,程式分析師,2,none,3,5.2,none,75~80
2024/9/13 下午 11:09:53,遊戲橘子,軟體工程師,Junior,1,1,5.6,2,78.4
2024/9/12 下午 6:45:40,Hoho台邦,前端,工程師,0,2,5,1,13
2024/9/12 下午 2:59:02,台灣智慧技術研發,工程師,沒分,不透露,不透露,不高,2,14個月
2024/9/3 上午 10:00:44,Line Tv,網頁工程師,無劃分,1.5,1.5,5萬8,1.5,82
2024/8/28 下午 5:19:22,某綠色停車場業,AI影像辨識工程師,無,1,1,6,2,84
2024/8/28 上午 8:30:48,某小券商,SW,3,0,2,4,2+2(獎金不一定),60
2024/8/20 下午 7:20:07,漢億電子,資深工程師,資深工程師,12,6,7.3W,6,130多W
2024/8/17 上午 12:57:22,NetSkope,Eng.,Sr.,6,2,13,2,200
2024/8/13 下午 10:34:54,醫療新創,SWE,NO,2,2,7.6,1.5,100
2024/8/13 下午 5:51:35,台塑網,資訊工程師,基層主管,5,5,4.2,3~7,95
2024/8/6 上午 10:29:10,矽谷自駕車,DevOps,Engineer,5.5,1,7.5,2,105
2024/8/4 上午 10:05:22,永豐金控,機器學習工程師,專員,0,0,7,4,115
2024/7/29 下午 3:49:23,昕力資訊,工程師,PG,0,0,5,1,60
2024/7/29 上午 10:13:47,國立陽明交通大學,計畫助理,13,1,1,5.5,2,77
2024/7/25 下午 2:43:52,緯創軟體,後端工程師,不知,5年,3年,63k,1.5,90萬
2024/7/25 上午 9:45:32,皮卡,AI engineer,5職等8職級,0,0,7.5,新人未知,105
2024/7/23 下午 11:39:20,crypto.com,mobile,senior engineer,5,1,16,0,200
2024/7/22 下午 10:52:06,TradeBeyond,Pg,Sa,3,3,60000,0,78
2024/7/15 下午 3:13:14,訊連科技,Engineer,Engineer,3,1.5,7,2,110
2024/7/13 上午 9:23:59,Phase,Junior,1,1,1,10,2,115
2024/7/11 下午 4:24:19,Viewsonic,QA engineer,Junior,4,4,5.2,2,80
2024/7/9 下午 12:30:20,DIGITIMES,AI 工程師,工程師,5,1,82400,0,120
2024/7/6 上午 2:41:33,神通資訊,AI工程師,忘記了,2,2,6,1.5,85
2024/6/28 下午 11:44:44,全曜財經股份有限公司,資深後端工程師,資深,5,1,62000,3.5,102
2024/6/28 下午 11:44:16,全曜財經股份有限公司,資深後端工程師,資深,5,1,62000,3.5,102
2024/6/24 下午 12:40:03,訊連科技,後端工程師,senior,0,2.5,81000,2,120
2024/6/20 下午 12:05:18,接案公司,後端工程師,L3,3,0.2,57,0,684000
2024/6/17 下午 5:25:37,Google,Software Engineer,L4,2.5,2.5,18,2,350
2024/6/17 下午 1:14:56,新創,PM,PM,3,3,4.5K,2,630000
2024/6/11 上午 8:14:03,TradeBeyond,軟體工程師、APP工程師,SA,3年,3年,60000,0,780000
2024/6/8 下午 7:13:44,哲煜科技,.Net,軟體工程師,1,1,4.3,0.5,52.5
2024/6/8 下午 5:05:14,Lenovo 聯想,Machine Learning Engineer,L6 Associate Engineer,0,0,7.9,1.12,120
2024/6/7 下午 2:48:33,Micron,Software Engineer,E2,4.5,4.5,8,0,112
2024/6/6 下午 4:45:22,Gogoro,SWE,9,6,3,8,2,112
2024/5/29 下午 7:09:46,BigGo,Python Engineer,無,0,2,40000,0,53
2024/5/26 上午 11:54:21,宏誌科技,網頁開發,助理工程師,無,3個月,34000,2,47
2024/5/19 下午 11:48:42,昕力,軟體工程師,Junior,5,1,5.5,1,71.5
2024/5/18 下午 8:19:56,庫幣科技,後端工程師,Junior,1,2,6,0,85
2024/5/16 上午 11:15:25,趨勢科技,Senior Software Engineer,Senior Software Engineer,3,3,9,0,130
2024/5/8 上午 11:01:09,內湖-hub C開頭 做穿戴式裝置算法,Software Engineer,Junior,0,1,5.5,2,75~80
2024/5/7 下午 12:26:59,明瑞資通,軟體工程師,工程師,6,1,52000,0,676000
2024/5/6 下午 8:56:22,米波科技股份有限公司,產品經理,基層,5,3,5.3,2,75
2024/5/3 下午 4:58:25,光,工,4,1,3,4,2,70
2024/5/3 下午 2:31:40,奕兆,Product Owner,經理,10,3,11,2,150
2024/5/3 上午 10:20:52,研華,sr.eng,sr.eng,5,5,61000,150000,900000
2024/5/1 上午 3:40:00,國內百年民營銀行,SW,-,0,1,52,4-5,94
2024/4/29 下午 4:12:56,玉山銀行配合廠商,軟工,junior,1~,3,42000,1,"42k*13(若當年沒盈餘可能不發)"
2024/4/27 上午 11:52:13,ViewSonic,後端工程師,E12,0,0,60000,2,840000
2024/4/26 下午 5:53:16,富智捷,應用工程師,師3,0,0.75,68250,2,1200000
2024/4/24 下午 3:23:19,SI,DevOps,1,2,2,6.8,4,120
2024/4/20 下午 8:24:22,陽明,研發工程師,初階,0,3,43000,0,60
2024/4/12 上午 10:46:39,gogoro,QA,E8,4,1,6.5,2,91
2024/4/11 下午 9:41:10,鴻海,工程師,5,6,2,6,16,95
2024/4/10 上午 12:17:40,crescendo lab,backend developer,unknown,4,1,9,1-2,130
2024/4/9 上午 4:31:47,GCP代理大廠,前端,x,3,2,5.5,2,77萬
2024/4/4 下午 5:25:07,向上國際,後端程式設計,4職等,5,5,5,2,77
2024/3/31 下午 7:50:16,遊戲橘子,後端工程師,忘了,3,0,6,2,8x
2024/3/29 上午 10:33:21,GoGoX,Engineer,Tech Mgr,11,0.5,14.5,0,188
2024/3/29 上午 10:32:40,GoGoX,Data Engineer,Senior,4,1,12.5,0,162.5
2024/3/27 下午 7:57:19,今網智慧,前端工程師,junior,1,2.5,4,0.5,50
2024/3/27 下午 3:56:29,一騰資訊服務股份有限公司,JAVA工程師,普通職員,3,1,6.2,1,82
2024/3/26 上午 10:57:04,655,mkt,4,5,5,5,2,14
2024/3/25 下午 8:20:20,凌群電腦,軟體工程師,pg,2.5,2.5,35,0,45
2024/3/24 下午 11:13:53,AmazingTalker,Front-End Engineer,Mid level,1,1,7.75,2,110
2024/3/24 下午 8:31:38,某動物科技公司,software engineer,不確定職等,6,3,7.8,14,110
2024/3/24 下午 12:45:50,unisys,SDE,沒有這種東西,10,3,88000,2,1300000
2024/3/24 上午 11:55:14,Draytek,backend,junior,3,3,5,3,76
2024/3/24 上午 11:37:04,nogle,backend,L2,5,1,8,1,105
2024/3/21 上午 8:17:21,台灣大哥大,工程師,資深,8,8,7,2,120
2024/3/20 上午 12:26:04,一間外商,軟體工程師,Junior,4,2,74000,2,105
2024/3/19 下午 4:33:59,和信醫院,資訊工程師(所有工程師都是這個title我是前端),無,0,1.5,38000,1.5,53
2024/3/18 下午 4:04:24,91APP,Senior Engineer,6,8,1,85000,2.5,124
2024/3/18 上午 1:15:45,asus,程式設計師,程式設計師,3,1,4.2,2,59
2024/3/18 上午 1:14:49,台北某公司,程式設計師,程式設計師,6,1,7,2,98
2024/3/18 上午 1:12:12,歐揚資訊,駐點工程師,駐點工程師,2,1,3.7,1,49
2024/3/18 上午 1:10:27,台北純軟公司,工程師,資深工程師,5,3,8.5,2,140
2024/3/17 下午 11:01:04,Shoalter,QA,Assistant,2,1.5,40000,1.5,55
2024/3/14 下午 5:58:55,歐洲外商,軟體工程師,n/a,4,<1,10,0,120
2024/3/10 下午 8:11:37,某AWS代理商,雲端架構師,4,10,2,7,2,100
2024/3/6 上午 11:12:06,台北接案（全遠端）,軟體工程師,軟體工程師,1.5,1.5,4.3,1.3,57
2024/3/6 上午 11:10:37,台北接案（全遠端）,軟體工程師,軟體工程師,0,0,3.8,1,50
2024/3/4 下午 1:58:23,Cola,RD,Junior,2.5,2.5,5,3,75
2024/3/3 上午 5:38:59,普鴻資訊,駐點工程師,工程師,3,1,4.7,2,65.8
2024/3/3 上午 5:36:37,桃園小公司,.NET,工程師,2,2,4.3,1,55.9
2024/3/2 下午 10:46:53,美商新創,Frontend Engineer,n/a,3,1,6,0,84
2024/2/29 下午 6:22:15,ViewSonic,frontend developer,developer 1,3,2,6,0.12,90
2024/2/27 下午 10:21:54,Synopsys,Software Engineer,RD 2 (Senior Engineer),1,1,11,0,170
2024/2/17 上午 11:15:25,植根資訊公司,C#網站系統工程師,一般職員,3-4年,3-4年,50000,1-1.5,600000-670000
2024/2/12 上午 8:57:51,優必達 Ubitus,軟體工程師,Senior,5,5,6,1,90
2024/2/7 上午 11:45:52,台灣塑膠工業,軟體開發,資深軟體開發工程師,11,11,8,4,210
2024/2/6 下午 2:58:53,外商鍵鼠公司,DA,junior,6,2,5,1,65
2024/2/2 上午 12:59:03,達達,Q,S3,13,6,76,11,180
2024/1/19 下午 5:10:32,Synology,PM,HW,0,8,6,10,140
2024/1/19 上午 12:55:33,X,X,X,X,X,X,X,X
2024/1/19 上午 12:30:18,Commscope,Software Engineer,L4,2,2,10,0,120
2024/1/18 下午 9:10:35,熊貓,BE,Junior,5,2,6,2,84
2024/1/17 上午 10:36:40,新創,RD,一般,6,1,7,2,90
2024/1/16 下午 9:57:52,聯發科,總SW,E8,5,5,12,"保2+獎金不一定",300w
2024/1/16 下午 9:31:20,MC,後端工程師,Junior,0,0.4,4.6,1,560000
2024/1/15 下午 3:12:24,Trend Micro,Engineer,沒分,4,2,7,0,84
2024/1/13 下午 3:25:59,西門子,工程師,Senior,5年,1年,62000,3,924000
2024/1/8 上午 10:42:58,剛滿五年的新創資訊公司,產品規劃、系統分析、系統測試、跑業務,產品經理,15,6,7,3,130
2024/1/8 下午 12:33:55,TXOne,軟體工程師,Senior,3,3,10,2,150
2023/12/28 下午 5:13:35,博弈,產品經理,2,5,1,8.3,3,125
2023/12/25 下午 6:02:04,嘉因資訊,測試客服工程師,無,0,1年,3.7,0,51.8
2023/12/20 上午 10:11:37,亦思科技,軟體工程師,無,7,5,5,2,70
2023/12/19 下午 3:52:24,新莊 海外遊戲博弈,自動化測試,無,4,3,45000,無,60
2023/12/14 下午 3:34:31,采義,工程師,工程師,不到一年,不到一年,40000,0,48
2023/12/1 下午 7:33:08,台灣大車隊,資深工程師,資深,8,2,7.5,1,97.5
2023/12/1 下午 5:47:49,大安區小公司,flutter 工程師,junior,1,1,4.1,1.25,54
2023/11/27 上午 4:04:50,資拓,PG,4,0,0.5,46000,"保底2 平均 2-4 看績效 最低聽說6",70-100
2023/11/25 下午 1:07:22,禾榮,工程師,未知,1,1,52000,2,70k
2023/11/24 上午 10:29:25,三竹資訊,研發工程師,5等研發,5,1,10,2,140
2023/11/18 下午 9:33:34,台灣實服科技股份有限公司,程式設計師,1,<1年,<1年,33000,1個月,大概是45
2023/11/14 下午 2:53:32,訊連Cyberlink,QA,6,2,大約半年,4,還沒領過，不確定,還沒領過，不確定
2023/11/14 上午 11:44:05,叡揚資訊,程式設計師,最低階的再上一階,3.5,3.5,4,2,56
2023/11/9 下午 11:08:33,不好說,AI,senior,5,1,13,14,180
2023/11/9 下午 8:58:49,Fontrip,工程師,工程師,2.5,2.5,5.5,2,77
2023/11/8 上午 11:05:12,中偉科技股份有限公司,iOS Engineer,沒分,5,3,55000,2~4,75~85
2023/11/8 上午 8:04:42,KKday,Android Developer,不確定,2,1,68000,0,850000
2023/11/7 下午 9:18:37,X,軟體工程師,X,7,X,5,不確定,60
2023/11/7 下午 4:05:06,QNAP,軟體工程師,New grad,0,0,7,Unknown,110
2023/11/7 下午 4:02:15,訊連科技,多媒體研發工程師,7,0,0,7,2,115
2023/11/6 下午 11:37:02,本土交易所其中一間,DevOps Engineer,Mid-level,2~3,2~3,7,1~1.2,104
2023/10/31 下午 4:30:27,Silkrode,軟體工程師,初階,2,1,7.5,3~5,120
2023/10/12 下午 5:04:22,緯創,一般工程師,8,3,3,4.45,2~3,70
2023/10/11 下午 4:11:04,宸訊科技,iOS工程師,無,0.5,1.5,5.3,1,75
2023/10/9 下午 3:20:31,台中遊戲,Java後端,一般,3,1,8,1,120
2023/10/6 下午 2:41:43,國外加密貨幣公司,工程師,Junior,3.5,1.5,10,不一定,210
2023/10/1 下午 2:49:50,微軟,工程師,59,0,0,11,2,175
2023/9/26 上午 12:45:06,新加坡抖音,工程師,Junior,0,0.5,16,3,270
2023/9/21 下午 2:59:58,遠傳,資深工,資深工,9,1200000,70000,2,1200000
2023/9/20 下午 9:37:09,只想看結果,只想看結果,只想看結果,0,0,0,0,0
2023/9/20 下午 8:57:15,谷泉科技股份有限公司,產品經理 PM,一般,不到一年,不到兩年,4,1,52
2023/9/20 下午 8:55:53,諦諾智金股份有限公司,產品經理 PM,一般,0,不到一年,5,2,70
2023/9/12 下午 5:01:56,神通資訊,工程師,工程師,8,4,59000,0,820000
2023/8/27 下午 5:28:45,內湖某博弈,設計師,中階,5y,1y,6,x,90
2023/8/23 下午 10:10:23,昕力,系統分析師(非資深),不確定(聽說有三階),4,2,4.5,1,58.5
2023/8/22 下午 8:30:11,台北外商,全端工程師,一般,3,0.25,7,1,102
2023/8/21 下午 7:39:55,緯創軟體,資深開發,不確定,8,1,7,1,85
2023/8/18 下午 6:05:05,群暉科技,QA Engineer,Engineer,1,1,4.4,2,75
2023/8/15 下午 5:03:26,DHC,PG,社員,20,18,6,6,110
2023/8/15 上午 12:35:10,訊力資訊,工程師,工程師,3,1.5,54800,10000,750000
2023/8/14 上午 9:59:39,海煜,軟體工程師,軟體工程師,6,1,4,1,52
2023/8/7 下午 11:50:26,台北中小型家裝公司,PM,3,1.5,1.5,5,1~2,60-70
2023/8/7 下午 6:12:03,TSMC,RD,32,7,2,7.5,17,230
2023/8/5 下午 7:19:40,Cyberlink,軟體工程師,資深工程師,2,2,7.8,3,120~130
2023/8/1 下午 12:12:41,大同世界科技,系統整合,高階工程師,2,3.5,53000,1,70
2023/7/31 下午 11:48:18,Livebricks Inc.,Software Engineer,,3,3,5,2,72
2023/7/31 下午 10:21:09,超勢科技,Sr.DevOps,8,5,3,10,2,140
2023/7/26 下午 3:58:32,精誠資訊,PG,忘了,1,1,4,1.5,56
2023/7/20 下午 3:16:35,三竹,前端工程師,初級工程師,1.5,1,4,0,56
2023/7/18 上午 10:14:49,裕融企業,工程師,副工程師,5,5,45000,3,67
2023/7/15 下午 1:45:59,KKCompany,Full Stack Engineer,L3,<1,<1,6.8,2,95
2023/7/14 下午 1:50:46,東捷資訊,程式設計師,最低,2,2,"4.2(新人有學歷&學校)",x,55
2023/7/12 下午 5:03:34,內湖某科技庫,軟體工程師,工程師,1.5,1,4.5,0,60
2023/7/10 上午 11:19:31,奇偶科技,軟體開發,副理,13,13,8.8,1,130
2023/7/9 下午 3:44:09,Micron,Software Engineer,E2,3,3,7,3,130
2023/7/7 上午 10:57:51,精誠,程式分析師,2 or 3 ?,3,3,4.2,1.5,56
2023/7/7 上午 12:17:59,微創軟體,駐點工程師,不清楚,0,不到一年,4,0,50萬
2023/7/6 上午 11:41:31,Moretech,全端工程師,組長,8,8,10,0,120
2023/7/5 下午 2:53:58,哈瑪星科技,工程師,菜鳥?,2,1,4,0,去年是50上下
2023/7/5 下午 2:21:03,統一,pg,2,3,3,5,2,70
2023/6/30 下午 3:40:29,叡揚,程式分析師,PG005,5,3,5.1,2,78
2023/6/29 下午 5:36:59,TPI,senior,senior,3,3,55k,1,715
2023/6/28 上午 1:02:43,資訊公司,資深開發工程師,2,2,2,5,1,85
2023/6/27 下午 10:50:40,緯創軟體,特助,5,4,1,8,0,140
2023/6/26 下午 3:12:54,Rivian Automotive Canada,Software Engineer,Senior,10,2,27,1.2,483
2023/6/24 下午 6:09:03,AMAZON,QA,L4,2,1,10W,3W,170W
2023/6/24 上午 1:58:19,T,DA,Junior,0,2,5.3,1,70
2023/6/22 下午 5:17:30,GoGoX,Data engineer,Senior,7,2,13,0,176
2023/6/19 上午 9:54:23,遠傳電信,前端工程師,工程師,2,1,43000,看績效,688000
2023/6/18 下午 1:27:19,瑞嘉軟體科技股份有限公司,軟體工程師,2C,5,1,74620,0,1039640
2023/6/18 上午 11:09:08,玉山銀行,軟體工程師,工程師,1,1,5,0,60
2023/6/19 上午 9:54:23,遠傳電信,前端工程師,工程師,2,1,43000,看績效,688000
2023/6/18 下午 1:27:19,瑞嘉軟體科技股份有限公司,軟體工程師,2C,5,1,74620,0,1039640
2023/6/18 上午 11:09:08,玉山銀行,軟體工程師,工程師,1,1,5,0,60
2023/6/18 上午 1:00:00,Apple,資深軟體工程師,L4,11,3,12,2,1700000
2023/6/17 下午 6:04:00,麗曜,軟體工程師,軟體工程師,9,2,5.65,1,75
2023/6/16 上午 11:44:26,Exxxxxxxxxnd,假軟體工程師,假工程師,2,2,3,0,39~41
2023/6/16 上午 10:57:00,內湖新創,QA,senior,11,1.5,6.6,1,90
2023/6/14 上午 9:42:02,Pa問頭購物網站,工程師,無,2,0.5,3.8,1,"494,000"
2023/6/13 下午 11:25:36,台新銀行,資深程式設計,9,2,2,5,5,88
2023/6/13 下午 11:01:27,公園院,軟體工程師,工程師,3,0,8,1.5,120
2023/6/10 下午 11:23:56,本土新創,後端,Junior,1,1,7.5,2,105
2023/6/9 上午 11:30:09,AI數據公司,Software Engineer,Software Engineer,5,2,65K,2,91
2023/6/8 下午 6:57:33,外商電商,軟體工程師,senior,7,1,16,0.26,220
2023/6/8 上午 11:25:18,PayEasy,PG,專員二,5,2,5.5,1,75
2023/6/8 上午 9:22:42,超勢科技,Analyst,初階,4,1,8.6,2,120
2023/6/8 上午 12:23:47,思創影像科技股份有限公司,軟體工程師,軟體工程師,6,1,6,1,82
2023/6/7 下午 10:50:34,鋼霖科技,Java工程師,junior,2,2,4.3~4.6,1.5,~60
2023/6/7 上午 10:35:13,電商,後端工程師,沒有分,6,0,80000,1,104
2023/6/7 上午 10:01:55,Nextlink,SA,senior,5,X,7.7萬,無,108
2023/6/7 上午 9:54:14,好樣科技,資深研發工程師,工程師,3,3,8,2,170
2023/6/6 下午 5:00:46,種花店,軟體工程師,0,6,4,5-5.5,忘了,108(印象中)
2023/6/5 下午 11:52:44,偉康科技股份有限公司,資深軟體工程師,5,3,2,5.5,2,80
2023/6/5 下午 10:40:14,外商博弈,BackEnd Engineer,Junior ~ Mid,2,1,8.5,1,110
2023/6/5 下午 7:32:25,國泰人壽,工程師,,4,2,6.7,5.7,110
2023/6/5 下午 4:21:56,dynasafe,backend,level,1,1,4000,80000,200000
2023/6/5 下午 2:47:17,長川資訊股份有限公司,全端工程師,1,0.5,0.5,43000,0,516000
2023/6/5 上午 1:08:19,陽信商銀,初辦,12,1,1,3.7,4,66
2023/6/4 下午 7:13:21,寶拓充宇,PG,4,0.5,0.5,50,0,13
2023/6/4 下午 5:48:52,Test,Test,Test,Test,Test,Test,Test,Test
2023/6/3 下午 10:48:50,富邦,資深專案副理,5.2,20Y,1Y,88600,18,160
2023/6/3 下午 12:35:05,神經(神盾子公司),AI演算法開發,工程師,0,0,6.3,2,100
2023/6/3 上午 9:58:21,crypto.com,DevOps Engineer,Middle,0,7,220萬,0,220萬
2023/6/2 下午 8:25:49,中華網龍,軟體工程師,初等,0,2,3.9,不滿一個月,含考績評等專案獎金約54~58w
2023/6/2 下午 7:46:18,Fazz,資深後端工程師,Senior,6,1,14,1,200
2023/6/2 下午 6:59:21,精誠,技術處長,6,12,6,8,3,120
2023/6/2 下午 3:37:02,區塊鏈,SRE,無,7,1,16.5,2,230
2023/6/2 下午 12:58:46,天堂遊戲,前端工程師,Senior,4,1,10,2~4,150
2023/6/2 上午 11:02:49,Trendmicro,Engineer,資深工程師,10,10,10,2,150
2023/6/2 上午 1:41:30,東森購物,資訊工程師,資訊工程師,4,4,5,14,70
2023/6/2 上午 12:04:38,昕力資訊,軟體工程師,資深工程師,4,1,6,"1(不一定)",72
2023/6/1 下午 8:24:53,Shoalter Technology,Software Engineer,Programmer I,2,2,5,1.5,67.5
2023/6/1 下午 8:05:23,德商,Software,Junior,1,1,8,2,115
2023/6/1 下午 6:41:42,appier,RD,E3,5,2,12,2,190
2023/6/1 下午 2:09:02,捷鵬國際股份有限公司,.NET 工程師,E1,1,1,3.7,0,51
2023/6/1 下午 12:54:29,傳產資訊部門,PM,S3-1,3,1.5,4.5,1.5,60
2023/6/1 上午 11:46:38,趨勢科技,Sr.DevOps,8,6,3,9.5,2,140
2023/6/1 上午 9:43:47,Plume,Software,Directory,15,3,25,3,420
2023/5/31 下午 11:14:15,內湖博弈,資深工程師,資深工程師,10,1,9,3,145
2023/5/31 下午 10:43:26,敦泰科技,演算法工程師,工程師,0,2,8.5,1~2,130
2023/5/31 下午 10:32:23,富邦媒體,Java開發工程師,工程師,3,3,3.5,4,56
2023/5/31 下午 7:44:53,亞馬遜,工程師,L4,2,2,10,0,200
2023/5/31 下午 7:21:59,IGS,後端工程師,一般工程師,5,不到一年,4,2,50
2023/5/31 下午 6:50:05,遠傳,資料工程師,資深工程師,10,2,6.5,"2 + 4（與績效有關）",104
2023/5/31 下午 5:56:28,TXOne,RD,Staff Engineer,8,2,13,2,190
2023/5/31 下午 4:41:18,PAPAGO,網頁工程師,無,2,2,4.2,以前兩個月 現在進去好像沒有了,12+2
2023/5/31 下午 4:32:44,內湖大樹,程式開發,無,8,5,7,4,140
2023/5/31 下午 1:00:56,艾富,程式設計師,一般,1.5,0.5,3.9,2,55
2023/5/31 下午 12:07:40,Google Taipei,Engineering Manager,L6,12,5,30,30,750
2023/5/31 上午 11:48:15,一零四資訊科技,Senior Web Developer,5.2,10,4,8.2,120000,1320000
2023/5/31 上午 11:10:55,亞泰特,韌體工程師,一般員工,0,3,3.4,1.5,45
2023/5/31 上午 10:55:54,玉山銀行,系統開發工程師,工程師,0,1.5,4.6,6~8,85
2023/5/31 上午 9:39:04,趨勢科技,Sr. Engineer,不知道,7,2,9,2,130
2023/5/31 上午 7:25:13,中和中文,iOS 工程師,Junior,0,1,4,看公司營運,50
2023/5/31 上午 12:26:02,Appier,Engineer,E4,5,2,12.5,2,180
2023/5/31 上午 5:51:36,玉山銀行,系統分析師,八職等,四年,不到一年,6.4,3,110
2023/5/30 下午 5:27:30,遊戲橘子,資深工程師,資深工程師,5,1,9.5,3,143
2023/5/30 下午 5:03:51,資拓,PG,4,5,1.5,5,2,70
2023/5/30 下午 2:59:38,緯創軟體,駐點後端,資深工程師,8,1,5,1,65
2023/5/30 上午 1:33:50,媒體業,SW產品經理,資深,7,1,13,3,210
2023/5/29 下午 10:44:47,愛吹的狗娛樂,Backend,X,1.5,1.5,4.2,0,51
2023/5/29 下午 10:18:05,工研院,資深工程師,資深工程師,11,10,96000,2.5,150
2023/5/29 下午 8:23:53,Msi,PM,一般,4,2,5,4,80
2023/5/29 下午 8:04:45,QNAP,PM,管理師,3,1.5,6.2,3~4,100~110
2023/5/29 下午 3:01:19,科盛科技,RD,Engineer,0,1.5,5.5,2,77
2023/5/29 下午 2:22:19,資X院,軟體,助理,5,3,6,2,80
2023/5/29 上午 11:56:20,華碩電腦,前端工程師,5,3,1,6,6,100
2023/5/29 上午 11:34:09,美商,軟體工程師,軟體工程師,13,4,15,0,220
2023/5/29 上午 11:17:22,南部GIS公司,Manager,N/A,10,10,8,4,130
2023/5/29 上午 11:14:55,POS系統商,Software Engineer,Software Engineer II,4,4,4,1,52
2023/5/29 上午 11:11:24,中華電信,研究院,180,10,1,7.5,8,150
2023/5/29 上午 3:00:26,群暉科技,SW,Manager,11,5,15,15,490
2023/5/25 上午 6:25:03,台北接案,軟體工程師,Junior,0.5,0.5,5.5,14,85-90
2023/5/24 下午 11:24:14,醫位科技,軟體工程師,Junior,3,3,4.2,2,55
2023/5/24 下午 10:56:05,ServiceNow,Software Engineer,Staff,15,1,205000,15%,282500
2023/5/21 上午 2:53:35,玉山,副工程師,6,0,1,4.1,5,77
2023/5/15 下午 11:00:21,新創,工程師,不知道,7,7,5.5,2,85
2023/5/15 下午 9:15:21,內湖某新創公司,前端工程師,工程師,3,1,4.3,2K,58.5
2023/5/15 下午 3:01:25,可樂旅行社,研發工程師,沒有劃分,2,2,3.7,0,45
2023/5/14 下午 7:07:12,Appier,ML,E4,5,2,14,2,215
2023/5/12 下午 2:16:17,永豐金控,AI 工程師,專員,2,2,4,3,110
2023/5/11 下午 9:50:56,6112,Solutions Architect+RD,沒,3,1,5,"老闆會唬爛你有16，基本上沒可能只拿14-15",80
2023/5/9 下午 5:46:39,玉山銀行,軟體工程師,7,0,1.7,"46000(底薪)+5000(其他補助)",1.5,681000
2023/5/8 下午 11:27:53,91APP,Senior Engineer,7,8,1,9,1,130
2023/5/6 上午 10:34:37,佩星,Software engineer,E4,4,3,11.7,2,175
2023/5/6 上午 10:32:04,沛星,Sr. software engineer,E4,7,3.5,12.5,2,185
2023/5/5 下午 9:48:06,HCL,QA,L1,2+,1+,55000,0.5,75
2023/5/5 下午 4:52:23,承暉,軟體工程師,初階,2,2,4.1,0,53.5
2023/5/5 下午 4:38:49,昕力資訊,軟體工程師,Junior,2.5,1,57000,1,78
2023/5/4 下午 9:28:35,華庭達,工程師,高級,8,5,4,0,61
2023/5/4 下午 8:56:27,網X信,軟體工程師,jr,不到一年,一年,4,7,76
2023/5/3 下午 10:49:41,工研院,人工智慧,資深工程師,5,4,10,4,160
2023/5/2 下午 4:36:56,foodpanda,backend engineer,IC2,6,<1,16,1~2,220
2023/5/2 上午 8:14:05,美商,DevOps,L2,8,1,27,0,450萬
2023/4/30 下午 8:34:59,微軟,software engineer,5,10,2,19,2,360
2023/4/30 下午 7:48:37,政美,產品部研發工程師,無,3,3,57000,2,820000
2023/4/30 下午 6:41:13,遊戲橘子,QA,測試工程師,4年,1個月,6,不一定看公司,60
2023/4/30 下午 12:59:47,矽聯科技,Firmware test automation,軟體工程師,1,1,6,3,90
2023/4/29 下午 7:52:04,雲城,工程師,不知道,3,3,5,2,70
2023/4/29 下午 6:26:54,鑫聯大控股資訊部,程式設計師,入門版,2,0.3,4,17,68
2023/4/29 上午 1:30:33,先傑電腦,軟體工程師,"沒有分職級（就是工程師）",未滿一年,未滿一年,3.5,只有加班費沒有bonus,約42-45萬
2023/4/28 下午 7:56:36,台灣料高,軟體工程師,L4,4,2,17,2,270
2023/4/28 下午 2:34:23,shopline,Software Engineer,不知道,6,1,10,不一定,120
2023/4/28 下午 2:10:31,致茂電子,軟體工程師,研發R21,4,4,6.5,1.5,100
2023/4/28 上午 10:57:56,德羲資訊,.NET工程師,工程師,4,2,4,1,55
2023/4/28 上午 9:18:39,趨勢科技,Backend Engineer,Senior,7,2,12,RSU 25分4年 季分紅 個位數,180
2023/4/28 上午 12:01:41,敦X科技,產品工程師,2,2,1,5,2,70
2023/4/27 下午 11:41:17,中華電信,資訊系統維運開發,工程師,1.5,1.5,4.4,10~11,100
2023/4/27 下午 9:45:01,內湖某電商,數據工程師,null,3.5,不到一年,75000,4,150
2023/4/27 下午 7:46:30,東森購物,資訊工程師,資訊工程師,<1,<1,4.5,0(說好要發卻不發),63
2023/4/27 下午 6:56:07,TSMC,CIM工程師,31,<1年,<1年,61680,不一定,1200000
2023/4/27 下午 5:02:41,盛大資訊,軟體工程師,軟體工程師,1,1,4,0,4*13
2023/4/27 下午 2:32:39,104,後端工程師,4,4,4,5.6,2-3,84
2023/4/27 上午 11:34:25,光寶科技,工程師,12,3,3,6.3,2,90
2023/4/27 上午 11:31:35,偉康科技,系統分析師,Band 7,5,5,7.7,2.5,120
2023/4/27 上午 10:46:42,91APP,工程師,6,4,1.5,7,1,90
2023/4/27 上午 8:34:45,盛大資訊,軟體工程師,軟體工程師,一年,一年,4,無,4W13
2023/4/27 下午 2:19:29,科盛科技,Front-end,工程師,1.5,1.5,4,3000,600000
2023/4/27 下午 2:11:17,中山基BC,前端,不知,4,<1,85k,1-2,120
2023/4/27 上午 12:00:00,八方雲集,廚師,廚師,10,10,3.5,1,3.5
2023/4/26 下午 11:43:04,倍利科技,演算法工程師,職員,2.5年,2.5年,55K,1,80W
2023/4/26 下午 10:40:35,文境資料有限公司,資料分析師,junior,1,1,4,1.5,535000
2023/4/26 下午 5:37:24,104 科技,Software Engineer,資深工程師,5,4,75000,4,130
2023/4/26 下午 2:58:30,Pinkoi,Software Engineer,P11,3,1.5,65000,0.5-1,85
2023/4/26 下午 2:48:53,shopline,Software engineer,-,4,1,9.6,1,120
2023/4/26 下午 1:03:37,中華電信研究所,研究員,7,13,13,7.4,6.8,140
2023/4/26 上午 10:45:13,愛酷智能,軟體工程師,無,1,1,5.5,0,約65
2023/4/26 上午 9:19:26,昕力資訊,PG,PG,7,0.5,5.5,2,80
2023/4/26 上午 12:29:09,國興資訊,軟體工程師,系統設計師,4,4,4,季發,58
2023/4/25 下午 11:51:32,緯創軟體,駐點後端,資深軟體工程師,8,3,7,2,98
2023/4/25 下午 10:09:53,天堂遊戲,後端工程師,不知道,4,1,6,2~3,96
2023/4/25 下午 8:19:34,台北AI新創,後端工程師,工程師,4,1,7,0,100
2023/4/25 下午 5:52:14,北祥科技股份有限公司,程式設計師,Junior,0,1,43000,0,60
2023/4/25 下午 5:47:56,北祥服務科技,軟體設計師,不清楚,2,2,4,2,"看專案獎金，最高56"
2023/4/25 下午 3:44:17,新光銀行,襄理,7,5,1,73,5,125
2023/4/25 上午 11:33:29,精誠,證券相關,程式分析師,6,2,4.4,1.5,60
2023/4/25 上午 11:01:20,台北新創,前端,junior,0,0,45000,3,68
2023/4/25 上午 10:26:52,超勢科技,Senior engineer,Senior,4,4,9.5,2,140
2023/4/25 上午 4:59:58,超勢科技,Sr. Engineer,8,4,2,8.2,2,115
2023/4/25 上午 12:06:49,台北慈濟醫院,程式設計師,組員,2,2,2.85,1-2,44
2023/4/24 下午 11:51:20,環資國際有限公司工程,Engineer,工程師,1.7,1.7,3.78,4200,54
2023/4/24 下午 11:21:01,IBM,PG,6G,1,within 1 year,5.7,1,75
2023/4/24 下午 11:14:13,超勢科技,Staff Engineer,9,10,10,14,2,216
2023/4/24 下午 10:42:35,美國灣區新創,front end developer,"not sure, mid-level",5.5,1,15,0,190
2023/4/24 下午 9:52:43,台北新創,前端+小後端,Junior,0,不到一年,6~7,1~2,80~90
2023/4/24 下午 9:19:27,沛星,"Software Engineer, QA Automation",E3,10,2,12,2,180
2023/4/24 下午 7:15:07,微軟,資深軟體工程師,IC4,6,3,17,2,380
2023/4/24 下午 5:30:20,"某乙方接案公司，有高雄與台北兩個地方，我是台北的",專案工程師,PG,1,1,4.2,1,"55.8(去年有拿到專案獎金1.2)"
2023/4/24 下午 5:24:16,Magnet,後端工程師,junior,1,1,3.5W,不明,45.5
2023/4/24 下午 4:18:15,凌網科技,高級工程師,E05,9,5,5,3,75
2023/4/24 下午 3:57:56,艾信科股份有限公司,後段工程師,沒有,3,已經離開了,3.5,0,42
2023/4/24 下午 3:39:04,中華電信研究院,高級研究員,6,6,3,6.5,4,130
2023/4/24 下午 3:34:44,Pchome,後端工程師,不知道,0,1.5,4.3,1.5,55
2023/4/24 下午 3:18:05,酷必資訊,資深後端工程師,senior,3,1,5.7,2,80
2023/4/24 下午 3:14:45,愛酷智能科技,後端工程師,junior,4,1,6.7,0,80.4
2023/4/24 下午 3:02:27,台中博弈新創,Front-end,1,2,1,5,1,65
2023/4/24 下午 2:17:47,將來銀行,Engineer,Senior,10,3,10,2,160
2023/4/24 下午 2:16:41,將來銀行,工程,工程,10,2,8,2,130
2023/4/24 下午 2:15:31,將來銀行,後端,一般職員,6,3,6,2,96
2023/4/24 下午 2:14:25,數揚資訊,程式分析師,PG004,2,2,4.6,3,59.8
2023/4/24 下午 1:51:17,為優科技,軟體工程師,軟體工程師,4,4,5,2,70
2023/4/24 下午 1:39:37,玉山銀行,Machine Learning Engineer,9,5,2,68000,6,120
2023/4/24 下午 1:35:03,南部博弈,全端工程師,Senior,6,5,7.2,35,340
2023/4/24 下午 1:25:06,新創,senior frontend,none,5,5,7,2,98
2023/4/24 下午 1:14:45,商智資訊,JAVA 工程師,不知道,1,1,4,1,55左右
2023/4/24 下午 12:43:33,萬得信息技術,PM,2-3,3,1,10,0-8,140
2023/4/24 下午 12:14:28,五股某醫材公司,軟體工程師(全端),工程師,1,1,3.5,"0.5+0.5+1+年終績效",53-55
2023/4/24 上午 11:35:53,國興XX,SD,後端工程師,8,6,3.8,0.8~2.5,55.9
2023/4/24 上午 11:31:56,精誠資訊,程式分析師,無,3,1,4.8,1.5,55
2023/4/24 上午 11:13:36,訊連,Engineer,不清楚,1,1,6.5,2,100
2023/4/24 上午 10:53:48,內湖某博奕,資深工程師,沒有職級,7,1,14,1,182
2023/4/24 上午 10:03:50,Linetv,後端工程師,Junior,1,1,58000,1,80
2023/4/24 上午 9:56:02,歐商,software engineer,junior,3,0,10.5,底薪50%,130
2023/4/24 上午 9:49:08,XXXXXXXXXX,前端工程師,沒有,1年,1年,43,2,600000
2023/4/23 下午 1:37:01,英業達,零件工程師,二級高級工程師,0,5,5,1,84
2023/4/23 下午 1:16:47,biotech startup,research and development engineer,senior,3,3,10,2,140
2023/4/23 上午 10:53:43,新聞媒體業,software engineer (data),senior,5,3,8,1,110
2023/4/23 上午 10:23:26,超勢科技,Sr. Engineer,8,7,6,12,2,16X
2023/4/23 上午 12:20:59,台北內湖的公司（非純軟）,工程師,Jr. 工程師,3,3,5,8,115
2023/4/22 下午 11:40:32,Yahoo,Sr. Software Engineer,IC3,6,5,10~11,1,160
2023/4/22 下午 10:28:37,蜀到大世,Software Engineer,Junior,0,0,7.2,2,100
2023/4/22 下午 7:24:38,Meta London,Software Engineer,E3,不到一年,不到一年,£5k,10%,£90k / year
2023/4/22 下午 4:56:22,Amazon,Software Developer Engineer,L5,8,3,25,0,300
2023/4/22 下午 1:27:35,y!,Software Engineer,IC2,4,3,9,1,150
2023/4/22 上午 12:32:15,台灣的軟體公司,iOS Engineer,Senior,約 6 年,約 6 年,10,1,350
2023/4/21 下午 11:50:51,台中商業銀行,軟體工程師,辦事員(五職等),0,3,"38000(含2k行儲)","保底春節1M，年終3~6M","基本上會有62~65（更多就看年終自行計算）"
2023/4/21 下午 9:39:00,Agoda,Software Engineer,Mid,2.5,1.5,"15(泰銖)",2.5~3.5,225(泰銖)
2023/4/21 下午 8:01:00,昕力資訊,PG,PG,3,1,5,1,65
2023/4/21 下午 7:27:02,叡揚資訊,程式設計師,"不知道，最低",0,2,3.5,2,50
2023/4/21 下午 6:19:05,PChome,工程師,工程師,2,2,4,1,50
2023/4/21 下午 4:33:38,明門實業,副主任工程師,5.1,4,4,6,5,100
2023/4/21 下午 4:29:59,Unisys,顧問,27(吧?),3,1,8,2,120
2023/4/21 下午 4:22:59,昕力資訊,資深工程師,不知道,3.5,4.2,5.1,1.2,67
2023/4/21 下午 3:34:19,Pinkoi,Backend Engineer,P1,0,1.5,6.7,1,90
2023/4/21 下午 1:20:18,國泰世華銀行,系統工程師,高級專員,6,4,5,4~12,110
2023/4/21 上午 9:56:41,內湖 科技傳產,前端工程,senoir,4,1,4,0.5,0.5
2023/4/21 上午 9:55:06,竹間智能,前端,沒分職級,3,1,8,0,112
2023/4/21 上午 9:48:46,松山區某蔬菜,frontend,無,2.5y,1y,7,1,94
2023/4/21 上午 9:31:45,Aubix,前端工程師,senior,4,5,42000,0.5,70
2023/4/21 上午 4:44:24,微軟,Software Engineer,62,7,2,17,2,330
2023/4/21 上午 1:10:40,內湖博奕,工程師,工程師,7,4,7.5,4,120
2023/4/20 下午 11:41:44,國外區塊鏈公司,DevOps,none,3,1,25,看情況,300 + bouns
2023/4/20 下午 11:38:51,ecloudvalxxxxxx,engineer,,2,1,3,2,45
2023/4/20 上午 11:00:47,Intel,Software Engineer,G8,8,1,20,2,400
2023/4/17 下午1:29:02,內湖某博弈,IT Consultant,Senior,13,5,16,6,352
2023/4/17 下午12:57:27,美國區塊鏈小公司,Data Scientist,N/A,4,0,13.5,0,162
2023/4/17 下午12:56:10,將來銀行,後端工程師,一般職員,6,2,64000,2.5,110
2023/4/17 下午12:09:31,MaiCoin,Sr. SWE,E4,6,2,12,2 不保證,220（含MAX TOKEN）
2023/4/17 下午12:03:38,某 app 新創,軟體工程師,資深軟體工程師,11,5,22,3.5,330
2023/4/17 下午12:03:17,趨勢科技,Cloud Engineer,Junior,0,0,7.2*14,1,108
2023/4/16 下午11:55:00,Synopsys,Senior software engineer,67,9,9,15,1,320
2023/4/16 下午11:39:24,正海,工程師,師3-5（模糊下）,?,5-7（模糊下）,6,2,110
2023/4/16 下午11:23:00,KKCompany,Engineer,Junior,3,0.5,8,2,110
2023/4/16 下午11:22:47,台中接案公司,PM,無,2,不到一年,5,2,77
2023/4/16 下午11:18:15,Nextlink,SA,Senior,2,2,60000,1.5,81
2023/4/16 下午11:17:00,Nvidia,SWE,IC1,0,0.2,10,2,170
2023/4/16 下午10:54:59,Google Taiwan,Engineer,L4,5,5,18,2,330
2023/4/16 下午10:39:30,Google,SWE,L4,7,2,20,15%,350
2023/4/16 下午10:33:05,沛星,資深工程師,E3,4,3,11,2,166
2023/4/16 下午10:11:07,Netskope,Software Engineer,junior,1,1,9,2,130
2023/4/16 下午10:08:15,17Live,Software Engineer,IC2,1,1,7.8,2,110
2023/4/16 下午9:44:19,某間稱自己不是菠菜的菠菜,Server Engineer,Senior,9,2,8,3,120
2023/4/16 下午9:14:03,石頭,硬體,工程師,3,3,6.2,2-5,115
2023/4/16 下午9:09:04,谷歌,Engineer,5,14,12,25,2,450
2023/4/16 下午9:05:40,外商純軟,DevOps engineer,Junior 2,4,1,9,3,153
2023/4/16 下午8:46:27,高雄間接案公司（不在高軟但靠近）,工程師,無,不到一年,0.5,3.8,2,53
2023/4/16 下午8:45:06,台灣大哥大,軟體工程師,資深,3.5,1,4.3,6-8,83
2023/4/16 下午8:15:32,鼎新電腦,軟體工程師,高級工程師,4年,1年,5,4,80
2023/4/16 下午8:10:56,某新竹做系統科技公司,客服工程師,沒有分,3,3,4,1,60萬
2023/4/16 下午7:48:56,KKCompany,Android Engineer,Junior,1,2,5.7,0,80
2023/4/16 下午7:08:44,,senior engineer,E3,5,1,11,2,175
2023/4/16 下午6:49:08,玉山銀行,智金處,7,0,2,4.6,4,80
2023/4/16 下午6:43:44,充電樁台商,Software Engineer,Junior,2,0.5,6,3,90
2023/4/16 下午5:50:26,TrendMicro趨勢科技,Software Engineer,Junior,1.2,1.2,7.95,2,113
2023/4/16 下午4:49:41,Synopsys,Sr. Engineer,67,10,4,21,2.4(保證),360
2023/4/16 下午4:37:19,Google,Engineer,L3,<1yr,<1yr,~14,15%,~200 (equity not included)
2023/4/16 下午4:36:37,Quant,Software engineer,Junior,1,1,12.5,4,200
2023/4/16 下午4:20:56,趨勢,Engineer,Junior,不到1,不到1,7.2,0.3,105
2023/4/16 下午4:16:49,趨勢科技,Software Engineer,Junior,0,0,6.7,2,94+獎金
2023/4/16 下午4:04:15,矽谷外商,軟件工程師,II,2,1,12,0,145
2023/4/16 下午3:54:23,QNAP,工程師,資深,8,5,8,2-6,150-160
2023/4/16 下午3:43:46,聯發科,軟體工程師,e8,9,1,11,3,220
2023/4/16 下午3:42:07,昕力,PG,PG,0,9,4,0,55W
2023/4/16 下午3:35:57,Cadence,PE,T3,3.5,9個月,15,2,240
2023/4/16 下午3:28:49,Synopsys,軟體工程師,RD II,0,0.5,11.2,年薪12-20%,140-160
2023/4/16 下午3:12:15,趨勢科技,QA,Junior,2,0.5,7.5,2,105
2023/4/16 下午2:22:07,趨勢科技,Staff engineer,9,10,160,11,0,160
2023/4/16 下午2:10:58,HTC,RD,Sr.engineer,3.5,3.5,70000,2,150-180
2023/4/16 下午1:00:36,yahoo,Sr. Engineer,IC3,7,1.8,11,1,180
2023/4/16 下午12:50:38,翰林科技,工程師,junior,1,1,4,1+視績效分紅,58-60
2023/4/16 下午12:43:05,AICS,軟體工程師,5,0,0,12,3,180
2023/4/16 下午12:32:39,西勝國際,軟體工程師,工程師,10,10,55000,2,77w
2023/4/16 上午11:46:14,富比庫,RD,沒有,8,3,3.5,1,45.3
2023/4/16 上午11:16:32,矽谷某新創,前端工程師（全遠端）,SDE2,4,0.7,17.5,3,260
2023/4/16 上午10:29:34,微軟AIR&D,Technical Program Manager,IC2,0,0,13,2,210
2023/4/16 上午10:14:55,Synopsys 新思,R&D Engineer II,65,New grad,0,112000,1.12,156(未加sign-on bonus)
2023/4/16 上午10:08:49,Synology,SWRD,Junior,1,1,8,8,170
2023/4/15 下午 3:23:25,趨勢,Software Engineer,Junior,0,0,7.5 w,"sign on bonus(15 w)+bonus(基本年薪*2~8%，平均5%)+股票(滿一年才有，金額未知)",105 w
2023/4/15 下午 3:17:42,新創,軟體工程師,工程師,1.5,1.5,73K,2.5,105 + 股票(30) = 135
2023/4/15 下午 3:03:39,群暉,RD,junior,1,1,8,8,170
2023/4/15 下午 1:45:36,Systex,程式設計師,1,0,0.7,4,3500,48
2023/4/15 下午 1:40:14,趨勢科技,Engineer,Engineer,3,0.5,7,0,84
2023/4/15 下午 12:24:09,美商太馬島,後端工程師,Junior,0,80w,5,2,70
2023/4/15 下午 12:21:28,靖誠,全端,不知,1.5,0.3,5,無,65
2023/4/15 上午 11:27:24,沛星,SR engineer,E3,7,2,9.5,0,140
2023/4/15 上午 11:22:22,新馳,AI 工程師,Senior,2年,1年內,10,1,150
2023/4/15 上午 11:20:39,趨勢,RD,Junior,0,0.5,7.2,2,100
2023/4/15 上午 11:19:55,IGS,RD,工程師,0,2.5,3.8,10~16,84
2023/4/15 上午 11:14:15,微軟AI&RD,Software engineer,SWE1,0,0,13,2,170
2023/4/15 上午 10:13:45,Trend Micro,Software Engineer,Junior Software Engineer,0,0,7,2,98
2023/4/15 上午 10:02:53,新創,AI工程師,無,1,1,5.3,1,70
2023/4/15 上午 9:18:38,柏格科技,軟工,工程師,1,已離職,50000,0,60萬
2023/4/15 上午 8:34:51,ASML,Software Engineer,jG6,4,1.5,7.9,6.6,158
2023/4/15 上午 8:34:51,Synopsys 新思,R&D Engineer II,65,0,0,10.7,12%,175
2023/4/15 上午 8:34:51,viverse,front end,junior,隱藏,隱藏,5.5,0,77
2025/6/19 下午 11:52:56,昕力,軟體工程師,資深工程師,3,3,9,1,117
2025/6/26 下午 7:29:54,奧義智慧,軟體工程師,Junior,3.5,1,8.5,2,130
2025/7/4 下午 6:49:59,EDA,sw rd,sw II,0 <1,,11,2,170
2025/7/7 下午 8:01:42,google 約聘,data engineer,TVC,5,1,8,1,101
2025/7/15 下午 3:04:08,內湖,前端工程,初階,2,1,5,1,60000
2025/7/21 上午 9:30:18,新思科技 - Synopsys,Software Engineer,68,12,12,22,2,約380~420萬
2025/7/21 上午 9:40:41,Synopsys,軟體工程師,66,4,1,13,2,240
2025/7/21 下午 1:00:20,Synopsys,AE,66,3,4,14,2.4,270
2025/7/21 下午 2:40:15,Synopsys,software engineer,67,7,2,15,2.4,330
2025/7/22 上午 9:27:52,Synopsys,Software RD Manager,69,26,26,29,2.5,720萬
2025/7/26 下午 3:47:22,愛酷智能 (accuhit),後端工程師,junior,2,1,6.9,1,91
2025/8/12 下午 7:47:24,17Live,Sr.BE,IC3,5,3,7,2,100
2025/8/14 下午 9:55:54,台灣知識庫,工程師,junior,0,1,40000,0,530000
2025/8/22 下午 3:42:35,港商,系統開發,系統開發工程師,2,2,6.5,1,84.5
2025/8/26 下午 9:44:03,大同世界科技,課副理,6職等,9,9,66000,2,110
2025/8/27 下午 3:38:52,SAP,Senior account executive,T1,5,1,182000,0,3250000
2025/8/29 上午 11:11:12,愛酷智能,前端工程師,工程師,4,2,5.5,0,70
2025/9/6 下午 12:48:15,669X_資安,工程師,工程師,4,4,4.5,4,70
2025/9/21 下午 12:40:43,香港商栢能科技,軟體工程師,Junior,7,5,5,2,70
2025/9/22 下午 5:25:56,XFers,Backend engineer,Backend engineer,8,0.5,12.5,0,175
2025/10/14 下午 1:51:24,完美數位,後端工程師,senior,4,2,6,1,80
2025/11/2 下午 2:09:24,區塊鏈錢包公司,Blockchain Engineer,Junior,0,3,12,1,156
2025/11/12 下午 6:12:42,瑞思登,Angular前端工程師,資深,4,0.5,5.7,1,74
2025/11/13 上午 9:29:26,艾捷,ops,L3,4,1,5,2,72
2025/11/13 下午 2:31:32,XX科技,PG,PG,3,1,12,6,252
2025/12/10 下午 2:21:19,cmoney,軟體工程師(網頁),2-2,2,2,5.5,1.5,742500
2025/12/17 下午 7:18:31,通航國際股份有限公司,Android 工程師,junior,3,2.5,60000,2,88
2026/1/2 上午 11:38:45,Palup. Playsee,AI Engineer,Jr / Sr 不確定,1,0,8,2,1120000
2026/1/7 下午 2:02:56,緯創軟體,後端工程師,資深,3,不到一年,60000,0,85
2026/1/8 上午 12:49:58,Ww,W,W,W,W,W,W,W
2026/1/14 下午 6:26:50,不想說,軟體工程師,junior,3,2,62000,2,90
2026/1/18 下午 10:41:39,iTRI,副經理,資深RD,10,10,9.5,3,160
2026/1/18 下午 11:40:13,hytech,軟體測試,資深,8,2,10,2-4,160
2026/1/19 上午 12:51:47,訊連科技,RD (web developer),Junior,2,2,8,2,110
2026/1/19 上午 12:44:02,KKCOMPANY,Senior Software Engineer,E04,5,4,8.3,2,116
2026/1/19 上午 1:09:37,玩美移動,RD,Engineer,2.5,2.5,8.5,保14 + 1,125
2026/1/19 上午 1:15:12,AUO,高級工程師,A4,2,0.5,6,2,88
2026/1/19 上午 1:28:41,Google,SWE,L3,2,2,163/12,~2,~220
2026/1/19 上午 4:16:44,新創,工程師,不分,10,5,15,2,210
2026/1/19 上午 8:57:52,新創,軟體工程區,Senior,3,3,10,3,150
2026/1/19 上午 9:06:57,騰雲科技,專案經理,主任,0.5y,8y,7.2,1,105
2026/1/19 上午 9:31:25,醣院,AI RD,副工程師,0,0,6,2-3,84-90
2026/1/19 下午 1:52:44,ublink,hpo系統工程師,工程師,1.8年,1.8年,55000,2,77萬
2026/1/19 下午 3:58:23,AW,Cloud support Engineer,L4,0,0,13,0,200
2026/1/19 下午 7:28:59,博彦科技,軟體工程師,資深,6,0.3,100000,1,1400000
2026/1/19 下午 7:30:23,玩構,專案助理,Same,0,0,4.2,1,60
2026/1/19 下午 8:45:36,橘子,軟體工程師,資深工程師,5,1,11,2,170
2026/1/19 下午 11:33:27,緯創軟體,Sw,Senior,10,2-3,7,1.2,85-90
2026/1/19 下午 11:44:02,微軟,RD,32,5,3,7,3,200
2026/1/20 上午 1:55:29,趨勢科技,軟體工程師,Junior,0,0,7.5 w,,110
2026/1/20 上午 5:03:07,欣茂,軟體工程師,初階,不到一年,不到一年,50000,不知道,不知道
2026/1/20 上午 10:16:00,訊連科技股份有限公司,行銷,經理,9,2,8.5,2+2,136
2026/1/20 上午 10:58:52,ITRI,RD,技術副理,10,10,10.5,3.5,170
2026/1/23 下午 1:31:18,趨勢,Software Engineer,不知,0,0,7.8,2,
2026/2/2 下午 2:47:14,1111,ios 工程師,工程師,0,1.5,45000,1,58.5
2026/3/5 上午 11:52:07,Clickforce,Data Engineer,沒分,4~5,1,7.4,1,96
2026/3/15 上午 5:57:34,遠通電收,工程師,誰知道,2,0.5,4~5,2,50~70
2026/3/19 下午 6:08:01,Fazz,Software Engineer,Mid Level,2,1,11,1,156
2026/3/19 下午 7:24:16,趨勢科技,RD,,8,3,10,2,140
2026/3/20 上午 8:58:30,藍色開頭,AM,,26,6,11,0,250
2026/3/31 下午 3:04:15,Cyberlink,Front End,工程師,0,0.3,80000,2,1120000
2026/4/10 下午 3:01:48,長佳智能,設計,資深,8,3,6.5,1,85
2026/4/11 上午 3:19:19,DEVCORE,紅隊演練專家,-,-,2+,-,2+,200+
2026/4/16 下午 4:41:07,ID TECH,SW,不知,1~2,0,7,1,98
2026/4/24 上午 2:12:02,TXOne Networks,底層,底層,0,0,0,2,只有14個月，其他獎金都拿不到，要來的
2026/4/27 下午 4:06:44,宏益科技服務,SA,無,15,2以上,7,1,90
2026/5/19 上午 12:30:53,趨勢科技,工程師,jr,0.8,0.8,7.6,2,106
2025-12-23,91APP,software engineer,,15,1,8.8,1,105,,
2025-09-27,91APP,backend engineer,,3,1,6.9,1,89,,
2024-03-30,91App,frontend engineer,,8,2,8.8,1,105,,
2026-02-05,91App,software engineer,,6,1,8.1,1,105,,
2023-03-21,91APP,frontend engineer,,2,1,6,1,78,,
2024-08-13,91APP,backend engineer,,7,3,6.3,1,81,,
2025-04-23,91APP,frontend engineer,,2,1,6,1,78,,
2025-04-23,91APP,frontend engineer,,2,1,6,1,78,,
2024-05-30,91APP,backend engineer,,1,1,5.5,1,71,,
2025-12-23,91APP,software engineer,,15,1,8.8,1,105,,
2025-09-27,91APP,backend engineer,,3,1,6.9,1,89,,
2024-03-30,91App,frontend engineer,,8,2,8.8,1,105,,
2026-02-05,91App,software engineer,,6,1,8.1,1,105,,
2023-03-21,91APP,frontend engineer,,2,1,6,1,78,,
2024-08-13,91APP,backend engineer,,7,3,6.3,1,81,,
2025-04-23,91APP,frontend engineer,,2,1,6,1,78,,
2025-04-23,91APP,frontend engineer,,2,1,6,1,78,,
2024-05-30,91APP,machine learning engineer,,3,1,7,1,91,,
